INSERT INTO towns (id, name, state, lat, lng, subdomain, dark_store_lat, dark_store_lng, delivery_radius_km, is_active, launch_date)
VALUES (
  'a1b2c3d4-0000-0000-0000-000000000001',
  'Mokokchung',
  'Nagaland',
  26.3242,
  94.5083,
  'mokokchung',
  26.3242,
  94.5083,
  5.0,
  true,
  '2025-01-01'
);

INSERT INTO config (key, value, town_id) VALUES
  ('delivery_fee_paise', '2000', 'a1b2c3d4-0000-0000-0000-000000000001'),
  ('free_delivery_threshold_paise', '20000', 'a1b2c3d4-0000-0000-0000-000000000001'),
  ('min_order_paise', '5000', 'a1b2c3d4-0000-0000-0000-000000000001'),
  ('commission_rate', '0.06', 'a1b2c3d4-0000-0000-0000-000000000001');

INSERT INTO product_categories (id, name, slug, type, sort_order) VALUES
  ('c0000001-0000-0000-0000-000000000001', 'Fruits & Vegetables', 'fruits-vegetables', 'dark_store', 1),
  ('c0000001-0000-0000-0000-000000000002', 'Dairy & Eggs', 'dairy-eggs', 'dark_store', 2),
  ('c0000001-0000-0000-0000-000000000003', 'Packaged Food', 'packaged-food', 'dark_store', 3),
  ('c0000001-0000-0000-0000-000000000004', 'Beverages', 'beverages', 'dark_store', 4),
  ('c0000001-0000-0000-0000-000000000005', 'Snacks', 'snacks', 'dark_store', 5),
  ('c0000001-0000-0000-0000-000000000006', 'Household', 'household', 'dark_store', 6),
  ('c0000001-0000-0000-0000-000000000007', 'Personal Care', 'personal-care', 'dark_store', 7),
  ('c0000001-0000-0000-0000-000000000008', 'Frozen', 'frozen', 'dark_store', 8),
  ('c0000001-0000-0000-0000-000000000009', 'Baby', 'baby', 'dark_store', 9),
  ('c0000001-0000-0000-0000-000000000010', 'Pet', 'pet', 'dark_store', 10),
  ('c0000001-0000-0000-0000-000000000011', 'Smoked Meat', 'smoked-meat', 'marketplace', 11),
  ('c0000001-0000-0000-0000-000000000012', 'Pickles & Preserves', 'pickles-preserves', 'marketplace', 12),
  ('c0000001-0000-0000-0000-000000000013', 'Handicrafts', 'handicrafts', 'marketplace', 13),
  ('c0000001-0000-0000-0000-000000000014', 'Baked Goods', 'baked-goods', 'marketplace', 14),
  ('c0000001-0000-0000-0000-000000000015', 'Dried Foods', 'dried-foods', 'marketplace', 15),
  ('c0000001-0000-0000-0000-000000000016', 'Fresh Produce', 'fresh-produce', 'marketplace', 16);

INSERT INTO skus (id, town_id, name, category_id, brand, unit, purchase_price, selling_price, mrp, shelf_code, low_stock_threshold, reorder_quantity, is_active) VALUES
  ('s0000001-0000-0000-0000-000000000001', 'a1b2c3d4-0000-0000-0000-000000000001', 'Amul Full Cream Milk 500ml', 'c0000001-0000-0000-0000-000000000002', 'Amul', 'pack', 2400, 2800, 3000, 'A1-1', 20, 100, true),
  ('s0000001-0000-0000-0000-000000000002', 'a1b2c3d4-0000-0000-0000-000000000001', 'Amul Full Cream Milk 1L', 'c0000001-0000-0000-0000-000000000002', 'Amul', 'pack', 4600, 5400, 6000, 'A1-2', 20, 100, true),
  ('s0000001-0000-0000-0000-000000000003', 'a1b2c3d4-0000-0000-0000-000000000001', 'Farm Fresh Eggs (6 pcs)', 'c0000001-0000-0000-0000-000000000002', 'Local Farm', 'pack', 5000, 6500, 7000, 'A2-1', 10, 50, true),
  ('s0000001-0000-0000-0000-000000000004', 'a1b2c3d4-0000-0000-0000-000000000001', 'Farm Fresh Eggs (12 pcs)', 'c0000001-0000-0000-0000-000000000002', 'Local Farm', 'pack', 9500, 12000, 13000, 'A2-2', 10, 50, true),
  ('s0000001-0000-0000-0000-000000000005', 'a1b2c3d4-0000-0000-0000-000000000001', 'White Bread Loaf', 'c0000001-0000-0000-0000-000000000003', 'Modern', 'piece', 2800, 3500, 4000, 'B1-1', 15, 60, true),
  ('s0000001-0000-0000-0000-000000000006', 'a1b2c3d4-0000-0000-0000-000000000001', 'Tata Salt 1kg', 'c0000001-0000-0000-0000-000000000003', 'Tata', 'pack', 1800, 2200, 2400, 'B2-1', 20, 100, true),
  ('s0000001-0000-0000-0000-000000000007', 'a1b2c3d4-0000-0000-0000-000000000001', 'Fortune Refined Oil 1L', 'c0000001-0000-0000-0000-000000000003', 'Fortune', 'litre', 11000, 13500, 14500, 'B2-2', 10, 50, true),
  ('s0000001-0000-0000-0000-000000000008', 'a1b2c3d4-0000-0000-0000-000000000001', 'Tomato 500g', 'c0000001-0000-0000-0000-000000000001', 'Fresh', 'pack', 1500, 2500, 3000, 'C1-1', 20, 80, true),
  ('s0000001-0000-0000-0000-000000000009', 'a1b2c3d4-0000-0000-0000-000000000001', 'Onion 1kg', 'c0000001-0000-0000-0000-000000000001', 'Fresh', 'kg', 2500, 3500, 4000, 'C1-2', 15, 80, true),
  ('s0000001-0000-0000-0000-000000000010', 'a1b2c3d4-0000-0000-0000-000000000001', 'Potato 1kg', 'c0000001-0000-0000-0000-000000000001', 'Fresh', 'kg', 2000, 3000, 3500, 'C1-3', 15, 80, true),
  ('s0000001-0000-0000-0000-000000000011', 'a1b2c3d4-0000-0000-0000-000000000001', 'Maggi Noodles 2x70g', 'c0000001-0000-0000-0000-000000000003', 'Nestle', 'pack', 2800, 3500, 3800, 'D1-1', 30, 120, true),
  ('s0000001-0000-0000-0000-000000000012', 'a1b2c3d4-0000-0000-0000-000000000001', 'Bisleri Water 1L', 'c0000001-0000-0000-0000-000000000004', 'Bisleri', 'litre', 1000, 1500, 2000, 'E1-1', 40, 200, true),
  ('s0000001-0000-0000-0000-000000000013', 'a1b2c3d4-0000-0000-0000-000000000001', 'Coca-Cola 500ml', 'c0000001-0000-0000-0000-000000000004', 'Coca-Cola', 'ml', 3000, 4000, 4500, 'E1-2', 30, 100, true),
  ('s0000001-0000-0000-0000-000000000014', 'a1b2c3d4-0000-0000-0000-000000000001', 'Lay''s Chips Classic 40g', 'c0000001-0000-0000-0000-000000000005', 'Lay''s', 'pack', 1500, 2000, 2000, 'F1-1', 40, 200, true),
  ('s0000001-0000-0000-0000-000000000015', 'a1b2c3d4-0000-0000-0000-000000000001', 'Vim Dish Wash Bar 200g', 'c0000001-0000-0000-0000-000000000006', 'Vim', 'pack', 2000, 2800, 3000, 'G1-1', 20, 80, true),
  ('s0000001-0000-0000-0000-000000000016', 'a1b2c3d4-0000-0000-0000-000000000001', 'Lifebuoy Soap 100g', 'c0000001-0000-0000-0000-000000000007', 'Lifebuoy', 'piece', 3500, 4500, 5000, 'H1-1', 30, 100, true),
  ('s0000001-0000-0000-0000-000000000017', 'a1b2c3d4-0000-0000-0000-000000000001', 'Colgate MaxFresh 150g', 'c0000001-0000-0000-0000-000000000007', 'Colgate', 'pack', 5500, 7500, 8500, 'H1-2', 20, 80, true),
  ('s0000001-0000-0000-0000-000000000018', 'a1b2c3d4-0000-0000-0000-000000000001', 'Surf Excel 500g', 'c0000001-0000-0000-0000-000000000006', 'Surf Excel', 'pack', 9000, 12000, 13000, 'G1-2', 15, 60, true),
  ('s0000001-0000-0000-0000-000000000019', 'a1b2c3d4-0000-0000-0000-000000000001', 'Good Day Biscuits 200g', 'c0000001-0000-0000-0000-000000000005', 'Britannia', 'pack', 3000, 4000, 4500, 'F1-2', 30, 120, true),
  ('s0000001-0000-0000-0000-000000000020', 'a1b2c3d4-0000-0000-0000-000000000001', 'Aashirvaad Atta 5kg', 'c0000001-0000-0000-0000-000000000003', 'Aashirvaad', 'pack', 25000, 31500, 34000, 'B3-1', 10, 30, true);

INSERT INTO inventory (sku_id, town_id, quantity_in_stock, last_restocked_at) VALUES
  ('s0000001-0000-0000-0000-000000000001', 'a1b2c3d4-0000-0000-0000-000000000001', 50, NOW()),
  ('s0000001-0000-0000-0000-000000000002', 'a1b2c3d4-0000-0000-0000-000000000001', 50, NOW()),
  ('s0000001-0000-0000-0000-000000000003', 'a1b2c3d4-0000-0000-0000-000000000001', 30, NOW()),
  ('s0000001-0000-0000-0000-000000000004', 'a1b2c3d4-0000-0000-0000-000000000001', 30, NOW()),
  ('s0000001-0000-0000-0000-000000000005', 'a1b2c3d4-0000-0000-0000-000000000001', 40, NOW()),
  ('s0000001-0000-0000-0000-000000000006', 'a1b2c3d4-0000-0000-0000-000000000001', 80, NOW()),
  ('s0000001-0000-0000-0000-000000000007', 'a1b2c3d4-0000-0000-0000-000000000001', 30, NOW()),
  ('s0000001-0000-0000-0000-000000000008', 'a1b2c3d4-0000-0000-0000-000000000001', 40, NOW()),
  ('s0000001-0000-0000-0000-000000000009', 'a1b2c3d4-0000-0000-0000-000000000001', 50, NOW()),
  ('s0000001-0000-0000-0000-000000000010', 'a1b2c3d4-0000-0000-0000-000000000001', 50, NOW()),
  ('s0000001-0000-0000-0000-000000000011', 'a1b2c3d4-0000-0000-0000-000000000001', 80, NOW()),
  ('s0000001-0000-0000-0000-000000000012', 'a1b2c3d4-0000-0000-0000-000000000001', 100, NOW()),
  ('s0000001-0000-0000-0000-000000000013', 'a1b2c3d4-0000-0000-0000-000000000001', 60, NOW()),
  ('s0000001-0000-0000-0000-000000000014', 'a1b2c3d4-0000-0000-0000-000000000001', 100, NOW()),
  ('s0000001-0000-0000-0000-000000000015', 'a1b2c3d4-0000-0000-0000-000000000001', 60, NOW()),
  ('s0000001-0000-0000-0000-000000000016', 'a1b2c3d4-0000-0000-0000-000000000001', 80, NOW()),
  ('s0000001-0000-0000-0000-000000000017', 'a1b2c3d4-0000-0000-0000-000000000001', 60, NOW()),
  ('s0000001-0000-0000-0000-000000000018', 'a1b2c3d4-0000-0000-0000-000000000001', 40, NOW()),
  ('s0000001-0000-0000-0000-000000000019', 'a1b2c3d4-0000-0000-0000-000000000001', 80, NOW()),
  ('s0000001-0000-0000-0000-000000000020', 'a1b2c3d4-0000-0000-0000-000000000001', 25, NOW());
